,"SC-superconducting, NM-normal, TS-transitional",,,,,,,Beam Parameters,,,Laser Parameters,,,Channel assignments,,,,,,,
Series Number,Type,Voltage (V),#Traces (neutron assumed 3600),Seconds of DAQ,Rad source?,Fridge Temp (mK),PMT Series,Beam Current (nA),Beam B Field (mT),Terminal Voltage (MV),Laser Pulse Freq (MHz),Laser Burst Freq (Hz),Laser Power,CH2&3,CH1,CH4,CHD0 ,CHD1,CHD2,"Bias (percentage, CH2, CH3)",Comment
20190627081551,SC noise,0,10,10,No,52,,,,,,,,TES,N/C,N/C,N/C,N/C,N/C,,
20190627085122,IV curve,100,,0,No,52,,,,,,,,TES,N/C,N/C,N/C,N/C,N/C,,
20190627085310,IV curve,100,,0,No,52,,,,,,,,TES,N/C,N/C,N/C,N/C,N/C,,
20190627090828,TS noise,200,10,10,No,52,,,,,,,,TES,N/C,N/C,N/C,N/C,N/C,"25%, 1105, 1110",
20190627094659,Laser,200,600,600,No,52,,,,,1,101,80,TES,N/C,N/C,Laser Trig,N/C,N/C,"25%, 1105, 1110",
20190627095837,Laser,200,600,600,No,52,,,,,1,101,40,TES,N/C,N/C,Laser Trig,N/C,N/C,"25%, 1105, 1110",
20190627100844,Laser,200,600,600,No,52,,,,,1,101,20,TES,N/C,N/C,Laser Trig,N/C,N/C,"25%, 1105, 1110",
20190627102054,Laser,200,1000,1000,No,52,,,,,1,101,15,TES,N/C,N/C,Laser Trig,N/C,N/C,"25%, 1105, 1110",
20190627103756,Laser,200,1500,1500,No,52,,,,,1,101,10,TES,N/C,N/C,Laser Trig,N/C,N/C,"25%, 1105, 1110",
20190627110306,Laser,200,3600,3600,No,52,,,,,1,101,7,TES,N/C,N/C,Laser Trig,N/C,N/C,"25%, 1105, 1110",
20190627120457,Laser,200,3600,3600,No,52,,,,,1,101,4,TES,N/C,N/C,Laser Trig,N/C,N/C,"25%, 1105, 1110",7200s data overall. (3600+3600)
20190627130422,Laser,200,3600,3600,No,52,,,,,1,101,4,TES,N/C,N/C,Laser Trig,N/C,N/C,"25%, 1105, 1110",
20190627141637,Laser,200,1200,1200,No,52,,,,,1,101,10,TES,N/C,N/C,Laser Trig,N/C,N/C,"25%, 1105, 1110",
20190627144729,Laser,200,3600,3600,No,52,,,,,1,101,2,TES,N/C,N/C,Laser Trig,N/C,N/C,"25%, 1105, 1110",
20190627154654,Laser,200,222,224,No,52,,,,,1,101,2,TES,N/C,N/C,Laser Trig,N/C,N/C,"25%, 1105, 1110",
20190627155127,Laser,200,1200,1200,No,52,,,,,1,10,10,TES,N/C,N/C,Laser Trig,N/C,N/C,"25%, 1105, 1110",
20190627164440,Fe55 source,0,-1,3600,Fe55,52,,,,,,,,TES,N/C,N/C,N/C,N/C,N/C,"25%, 1105, 1110",
20190627210827,IV curve,0,,0,Fe55,52,,,,,,,,TES,N/C,N/C,N/C,N/C,N/C,"25%, 1105, 1110",IV curve at end of day to compare with beginning of day. We think the crystal might be cooling down during the day. Forgot to take out Fe55 source
20190627210827,IV curve,0,,0,No,52,,,,,,,,TES,N/C,N/C,N/C,N/C,N/C,"25%, 1105, 1110",IV curve at end of day to compare with beginning of day. We think the crystal might be cooling down during the day.
20190627210827,IV curve,100,,0,No,52,,,,,,,,TES,N/C,N/C,N/C,N/C,N/C,"25%, 1105, 1110",IV curve at end of day to compare with beginning of day. We think the crystal might be cooling down during the day.
20190628082544,SC noise,0,10,10,No,52,,,,,,,,TES,N/C,N/C,N/C,N/C,N/C,,"Forgot to connect the HV, detector was not actually prebiased. (Voltage should be 250V but turned out to be 0V)"
20190628084107,IV curve,0,,0,No,52,,,,,,,,TES,N/C,N/C,N/C,N/C,N/C,,"Forgot to connect the HV, detector was not actually prebiased. (Voltage should be 250V but turned out to be 0V)"
20190628084535,NM noise,0,10,10,No,52,,,,,,,,TES,N/C,N/C,N/C,N/C,N/C,,"Forgot to connect the HV, detector was not actually prebiased. (Voltage should be 250V but turned out to be 0V)"
20190628084633,TS noise,0,10,10,No,52,,,,,,,,TES,N/C,N/C,N/C,N/C,N/C,"30%, 1134, 1152","Forgot to connect the HV, detector was not actually prebiased. (Voltage should be 250V but turned out to be 0V)"
20190628090657,IV curve,250,,0,No,52,,,,,,,,TES,N/C,N/C,N/C,N/C,N/C,,
20190628090940,IV curve,250,,0,No,52,,,,,,,,TES,N/C,N/C,N/C,N/C,N/C,,
20190628091422,NM noise,250,10,10,No,52,,,,,,,,TES,N/C,N/C,N/C,N/C,N/C,,
20190628091507,TS noise,250,10,10,No,52,,,,,,,,TES,N/C,N/C,N/C,N/C,N/C,"30%, 1131, 1139",
20190628100629,Laser,250,600,600,No,52,,,,,1,101,20,TES,N/C,N/C,Laser Trig,N/C,N/C,"30%, 1131, 1139",
20190628103459,Laser,250,600,600,No,52,,,,,1,101,10,TES,N/C,N/C,Laser Trig,N/C,N/C,"30%, 1131, 1139",
20190628105605,Laser,250,1200,1200,No,52,,,,,1,101,4,TES,N/C,N/C,Laser Trig,N/C,N/C,"30%, 1131, 1139",
20190628111634,Laser,250,3600,3600,No,52,,,,,1,101,3,TES,N/C,N/C,Laser Trig,N/C,N/C,"30%, 1131, 1139",took a total of 3 hr data.
20190628121600,Laser,250,3600,3600,No,52,,,,,1,101,3,TES,N/C,N/C,Laser Trig,N/C,N/C,"30%, 1131, 1139",
20190628133745,Laser,250,3600,3600,No,52,,,,,1,101,3,TES,N/C,N/C,Laser Trig,N/C,N/C,"30%, 1131, 1139",
20190628144649,Laser,250,600,600,No,52,,,,,1,101,20,TES,N/C,N/C,Laser Trig,N/C,N/C,"~30%, 1151, 1159",
20190628150030,Laser,250,1200,1200,No,52,,,,,1,101,10,TES,N/C,N/C,Laser Trig,N/C,N/C,"~30%, 1151, 1159",
20190628152620,Laser,250,3600,3600,No,52,,,,,1,101,4,TES,N/C,N/C,Laser Trig,N/C,N/C,"~30%, 1151, 1159",
20190628170520,Background,250,3600,3600,No,52,,,,,,,,TES,N/C,N/C,N/C,N/C,N/C,"~30%, 1151, 1159",
20190701092610,IV curve,250,,0,No,52,,,,,,,,TES,N/C,N/C,N/C,N/C,N/C,,
20190701093027,SC noise,250,10,10,No,52,,,,,,,,TES,N/C,N/C,N/C,N/C,N/C,,
20190701093254,NM noise,250,10,10,No,52,,,,,,,,TES,N/C,N/C,N/C,N/C,N/C,,
20190701093505,TS noise,250,10,10,No,52,,,,,,,,TES,N/C,N/C,N/C,N/C,N/C,"~30%, 1137, 1144","Because there is a lot of high frequency noise, we grouned the fridge and checked the TS noise again."
20190701095429,TS noise,250,10,10,No,52,,,,,,,,TES,N/C,N/C,N/C,N/C,N/C,"~30%, 1137, 1144",
20190701095834,TS noise,100,10,0,No,52,,,,,,,,TES,N/C,N/C,N/C,N/C,N/C,"~30%, 1137, 1144",
20190701103127,Laser,100,3600,3600,No,52,,,,,1,101,10,TES,N/C,N/C,Laser Trig,N/C,N/C,"~30%, 1137, 1144",
20190701114028,Laser,100,3600,3600,No,52,,,,,1,101,20,TES,N/C,N/C,Laser Trig,N/C,N/C,"~30%, 1137, 1144",
20190701131814,Laser,100,3600,3600,No,52,,,,,1,101,30,TES,N/C,N/C,Laser Trig,N/C,N/C,"~30%, 1137, 1144",
20190701144430,Background,100,1920,1925,No,52,,,,,,,,TES,N/C,N/C,N/C,N/C,N/C,"~30%, 1137, 1144",
20190701151626,Beam,100,838,840,Neutron,52,,,,,,,,TES,N/C,N/C,N/C,N/C,N/C,"~30%, 1137, 1144","Beam on, and the beam intensity went up in between"
20190701165341,Beam,100,1070,1071,Neutron,52,,,,,,,,TES,N/C,N/C,N/C,N/C,N/C,"~30%, 1137, 1144",Beam on
20190701171127,Beam,100,2633,2635,Neutron,52,,420,198.273,,,,,TES,N/C,N/C,N/C,N/C,N/C,"~30%, 1137, 1144",Beam on
20190701180216,Beam,100,2839,3600,Neutron,52,,,198.073,,,,,TES,N/C,N/C,N/C,N/C,N/C,"~30%, 1137, 1144",
20190701200504,Beam,,,3132,Neutron,52,,,198.178,,,,,TES,N/C,N/C,N/C,N/C,N/C,"~30%, 1137, 1144","100V, but not recording the voltage."
201907011127,PMT,,,0,,,,,,,,,,,,,,,,,
20190702084427,IV curve,100,,0,No,52,,,,,,,,TES,N/C,N/C,N/C,N/C,N/C,,
20190702085555,SC noise,100,10,10,No,52,,,,,,,,TES,N/C,N/C,N/C,N/C,N/C,,
20190702085652,NM noise,100,10,10,No,52,,,,,,,,TES,N/C,N/C,N/C,N/C,N/C,,
20190702085729,TS noise,100,10,10,No,52,,,,,,,,TES,N/C,N/C,N/C,N/C,N/C,"~30%, 1135, 1141",
20190702090834,Laser,100,1200,1200,No,52,,,,,1,101,20,TES,N/C,N/C,Laser Trig,N/C,N/C,"~30%, 1135, 1141",
20190702093026,Laser,100,1200,1200,No,52,,,,,1,101,8,TES,N/C,N/C,Laser Trig,N/C,N/C,"~30%, 1135, 1141",
20190702095046,Laser,100,1200,2527,No,52,,,,,1,101,3,TES,N/C,N/C,Laser Trig,N/C,N/C,"~30%, 1135, 1141",
20190702114510,Cs source,100,1745,3600,Cs,52,,,,,,,,TES,N/C,N/C,N/C,N/C,N/C,"~30%, 1135, 1141",effective data actually starts at 1152 since temperature control was not on before that
20190702132050,Cs source,100,2629,2630,Cs,52,,,,,,,,TES,N/C,N/C,N/C,N/C,N/C,"~30%, 1135, 1141","Moving brick 2cm to the right, (from 5.75CM to 3.75CM)"
20190702140934,Cs source,100,600,600,Cs,52,,,,,,,,TES,N/C,N/C,N/C,N/C,N/C,"~30%, 1135, 1141","Moving brick 2cm to the left, (from 5.75CM to 7.75CM)"
20190702142308,Cs source,100,600,600,Cs,52,,,,,,,,TES,N/C,N/C,N/C,N/C,N/C,"~30%, 1135, 1141","Moving brick 1.5cm to the bottom (limited by the range of the labjack), (5.75cm horizontally)"
20190702143934,Cs source,100,600,600,Cs,52,,,,,,,,TES,N/C,N/C,N/C,N/C,N/C,"~30%, 1135, 1141","Moving brick 2cm to the top, (5.75cm horizontally)"
20190702153631,Beam,100,3009,3006,Neutron,52,,,,,,,,TES,N/C,N/C,N/C,N/C,N/C,"~30%, 1135, 1141",
20190702165825,Background,100,120,120,No,52,,,,,,,,TES,Triangle,N/C,N/C,N/C,Time sync,"~30%, 1135, 1141","120 s of background data, mainly to test if time syncing data is present in CHD2."
20190702171234,Background,100,Unknown,54,No,52,,,,,,,,TES,Triangle,N/C,N/C,N/C,Time sync,"~30%, 1135, 1141",
20190702171543,Beam,100,Unknown,3600,No,52,,500,,,,,,TES,N/C,N/C,N/C,N/C,Time sync,"~30%, 1135, 1141",
20190702181510,Beam,100,Unknown,3254,No,52,,500,,,,,,TES,N/C,N/C,N/C,N/C,Time sync,"~30%, 1135, 1141",
20190703085014,IV curve,100,,0,No,52,,,,,,,,TES,N/C,N/C,N/C,N/C,Time sync,,
20190703085931,SC noise,100,,10,No,52,,,,,,,,TES,N/C,N/C,N/C,N/C,Time sync,,
20190703090046,NM noise,100,,10,No,52,,,,,,,,TES,N/C,N/C,N/C,N/C,Time sync,,
20190703090704,TS noise,100,,10,No,52,,,,,,,,TES,N/C,N/C,N/C,N/C,Time sync,,
20190703090905,Laser,100,1200,1200,No,52,,,,,1,101,40,TES,N/C,N/C,Laser Trig,N/C,Time sync,"~30%, 1145, 1156",
20190703092938,Laser,100,1200,1200,No,52,,,,,1,101,20,TES,N/C,N/C,Laser Trig,N/C,Time sync,"~30%, 1145, 1156",
20190703095640,Laser,100,1200,1200,No,52,,,,,1,101,10,TES,N/C,N/C,Laser Trig,N/C,Time sync,"~30%, 1145, 1156",
20190703101908,Laser,100,3600,3600,No,52,,,,,1,101,4,TES,N/C,N/C,Laser Trig,N/C,Time sync,"~30%, 1145, 1156",
20190703121358,Beam,100,3600,3600,Neutron,52,20190703121403,580,198.171,0.94,,,,TES,Triangle,N/C,N/C,N/C,Time sync,"~30%, 1145, 1156",Temperature went crazy half way
20190703133457,Beam,100,3600,3600,Neutron,52,20190703133501,600,198.174,0.94,,,,TES,Triangle,N/C,N/C,N/C,Time sync,"~30%, 1145, 1156",
20190703145238,Beam,100,,719,Neutron,52,20190703145242,540,198.172,0.94,,,,TES,Triangle,N/C,N/C,N/C,Time sync,"~30%, 1145, 1156",Animal DAQ crashed after 10 minutes
20190703150933,Beam,100,,3600,Neutron,52,20190703150930,540,198.172,0.94,,,,TES,Triangle,N/C,N/C,N/C,Time sync,"~30%, 1145, 1156",
20190703161354,Beam,100,,3600,Neutron,52,20190703161356,560,198.181,0.94,,,,TES,Triangle,N/C,N/C,N/C,Time sync,"~30%, 1145, 1156",
20190703171511,Beam,100,,3600,Neutron,52,20190703171512,550,198.176,0.94,,,,TES,Triangle,N/C,N/C,N/C,Time sync,"~30%, 1145, 1156",
20190703181711,Beam,100,,3600,Neutron,52,20190703181714,550,198.176,0.94,,,,TES,Triangle,N/C,N/C,N/C,Time sync,"~30%, 1145, 1156",
20190703191802,Beam,100,,3600,Neutron,52,20190703191757,560,198.177,0.94,,,,TES,Triangle,N/C,N/C,N/C,Time sync,"~30%, 1145, 1156",
20190703201837,Beam,100,,3600,Neutron,52,20190703201840,500,198.179,0.94,,,,TES,Triangle,N/C,N/C,N/C,Time sync,"~30%, 1145, 1156",
20190704084740,IV curve,100,,0,No,52,,,,,,,,TES,Triangle,N/C,N/C,N/C,Time sync,,
20190704090531,SC noise,100,,10,No,52,,,,,,,,TES,Triangle,N/C,N/C,N/C,Time sync,,
20190704090636,NM noise,100,,10,No,52,,,,,,,,TES,Triangle,N/C,N/C,N/C,Time sync,,
20190704090813,TS noise,100,,10,No,52,,,,,,,,TES,Triangle,N/C,N/C,N/C,Time sync,"~30%, 1147, 1158",
20190704091501,Laser,100,,600,No,52,,,,,1,101,40,TES,Triangle,N/C,N/C,N/C,Time sync,"~30%, 1147, 1158",
20190704092519,Laser,100,,600,No,52,,,,,1,101,20,TES,Triangle,N/C,N/C,N/C,Time sync,"~30%, 1147, 1158",
20190704093546,Laser,100,,1200,No,52,,,,,1,101,20,TES,Triangle,N/C,N/C,N/C,Time sync,"~30%, 1147, 1158",
20190704095645,Laser,100,,3600,No,52,,,,,1,101,20,TES,Triangle,N/C,N/C,N/C,Time sync,"~30%, 1147, 1158",
20190704110350,Beam,100,,2576,Neutron,52,20190704110349,520,198.177,0.94,,,,TES,Triangle,N/C,N/C,N/C,Time sync,"~30%, 1147, 1158",[B]PMT daq crashed around 38 minutes[/B]
20190704114751,Beam,100,,3600,Neutron,52,20190704114753,590,198.177,0.94,,,,TES,Triangle,N/C,N/C,N/C,Time sync,"~30%, 1147, 1158",
20190704125008,Beam,100,,3600,Neutron,52,20190704125011,600,198.181,0.94,,,,TES,Triangle,N/C,N/C,N/C,Time sync,"~30%, 1147, 1158",
20190704135507,Beam,100,,1961,Neutron,52,20190704135508,560,198.18,0.94,,,,TES,Triangle,N/C,N/C,N/C,Time sync,"~30%, 1147, 1158",[B]PMT daq crashed around 1960s[/B]
20190704142803,Beam,100,,2949,Neutron,52,20190704142804,560,198.178,0.94,,,,TES,Triangle,N/C,N/C,N/C,Time sync,"~30%, 1147, 1158",Beam stopped at 2948s
20190704153833,Beam,100,,3600,Neutron,52,20190704153840,560,198.178,0.94,,,,TES,Triangle,N/C,N/C,N/C,Time sync,"~30%, 1147, 1158",
20190704163933,Beam,100,,3600,Neutron,52,20190704163938,570,198.174,0.94,,,,TES,Triangle,N/C,N/C,N/C,Time sync,"~30%, 1147, 1158",
20190704174055,Beam,100,,396,Neutron,52,20190704174058,520,198.18,0.94,,,,TES,Triangle,N/C,N/C,N/C,Time sync,"~30%, 1147, 1158",
20190704174904,Beam,100,,3600,Neutron,52,20190704174908,520,198.18,0.94,,,,TES,Triangle,N/C,N/C,N/C,Time sync,"~30%, 1147, 1158",
20190704185057,Beam,100,,3600,Neutron,52,20190704185057,520,198.173,0.94,,,,TES,Triangle,N/C,N/C,N/C,Time sync,"~30%, 1147, 1158",
20190704195829,Beam,100,,3037,Neutron,52,20190704195835,600,198.179,0.94,,,,TES,Triangle,N/C,N/C,N/C,Time sync,"~30%, 1147, 1158",
20190705092815,IV curve,100,,0,No,52,,,,,,,,TES,Triangle,N/C,N/C,N/C,Time sync,,
20190705093543,SC noise,100,,10,No,52,,,,,,,,TES,Triangle,N/C,N/C,N/C,Time sync,,
20190705094002,NM noise,100,,10,No,52,,,,,,,,TES,Triangle,N/C,N/C,N/C,Time sync,,
20190705094120,TS noise,100,,10,No,52,,,,,,,,TES,Triangle,N/C,N/C,N/C,Time sync,"~30%, 1140, 1152",
20190705094335,Laser,100,,600,No,52,,,,,1,101,40,TES,Triangle,N/C,N/C,N/C,Time sync,"~30%, 1140, 1152",
20190705095408,Laser,100,,1200,No,52,,,,,1,101,20,TES,Triangle,N/C,N/C,N/C,Time sync,"~30%, 1140, 1152",
20190705101747,Laser,100,,1200,No,52,,,,,1,101,10,TES,Triangle,N/C,N/C,N/C,Time sync,"~30%, 1140, 1152",
20190705104052,Laser,100,,118,No,52,,,,,1,101,4,TES,Triangle,N/C,N/C,N/C,Time sync,"~30%, 1140, 1152",
20190705104342,Beam,100,3600,3600,Neutron,52,20190705104347,600,198.173,0.94,,,,TES,Triangle,N/C,N/C,N/C,Time sync,"~30%, 1140, 1152",
20190705114603,Beam,100,,3419,Neutron,52,20190705114606,600,198.18,0.94,,,,TES,Triangle,N/C,N/C,N/C,Time sync,"~30%, 1140, 1152",Only 3420 files
20190705124305,Beam,100,,3600,Neutron,52,20190705124311,550,198.179,0.94,,,,TES,Triangle,N/C,N/C,N/C,Time sync,"~30%, 1140, 1152",
20190705135751,Beam,100,,3600,Neutron,52,20190705135755,560,198.174,0.94,,,,TES,Triangle,N/C,N/C,N/C,Time sync,"~30%, 1140, 1152",
20190705150304,Beam,100,,3600,Neutron,52,20190705150309,575,198.18,0.939,,,,TES,Triangle,N/C,N/C,N/C,Time sync,"~30%, 1140, 1152",
20190705160429,Beam,100,,3600,Neutron,52,20190705160434,575,198.174,0.939,,,,TES,Triangle,N/C,N/C,N/C,Time sync,"~30%, 1140, 1152",
20190705170508,Beam,100,,3272,Neutron,52,20190705170515,590,198.172,0.94,,,,TES,Triangle,N/C,N/C,N/C,Time sync,"~30%, 1140, 1152",
20190705180350,Beam,100,,3600,Neutron,52,20190705180356,560,198.175,0.939,,,,TES,Triangle,N/C,N/C,N/C,Time sync,"~30%, 1140, 1152",
20190705190710,Beam,100,,244,Neutron,52,20190705190706,520,198.171,0.939,,,,TES,Triangle,N/C,N/C,N/C,Time sync,"~30%, 1140, 1152",
20190705191828,Beam,100,,313,Neutron,52,20190705191836,510,198.172,0.939,,,,TES,Triangle,N/C,N/C,N/C,Time sync,"~30%, 1140, 1152",
20190705193102,Beam,100,,322,Neutron,52,20190705193058,460,198.174,0.939,,,,TES,Triangle,N/C,N/C,N/C,Time sync,"~30%, 1140, 1152",
20190705195516,Beam,100,,3598,Neutron,52,20190705195523,510,198.176,0.939,,,,TES,Triangle,N/C,N/C,N/C,Time sync,"~30%, 1140, 1152",
20190705205559,Beam,100,,486,Neutron,52,20190705205608,560,198.172,0.939,,,,TES,Triangle,N/C,N/C,N/C,Time sync,"~30%, 1140, 1152",
20190705210415,Beam,100,,659,Neutron,52,-----,,,,,,,TES,Triangle,N/C,N/C,N/C,Time sync,"~30%, 1140, 1152","Elog died, data taken manually."
20190705212359,Beam,100,,33,Neutron,52,20190705212402,,,,,,,TES,Triangle,N/C,N/C,N/C,Time sync,"~30%, 1140, 1152","Elog died, data taken manually."
20190705212443,Beam,100,,95,Neutron,52,------,,,,,,,TES,Triangle,N/C,N/C,N/C,Time sync,"~30%, 1140, 1152","Elog died, data taken manually."
20190705212902,Beam,100,,3600,Neutron,52,20190705212903,,,,,,,TES,Triangle,N/C,N/C,N/C,Time sync,"~30%, 1140, 1152","Elog died, data taken manually."
20190706124510,SC noise,100,,10,No,52,,,,,,,,TES,Triangle,N/C,N/C,N/C,Time sync,,
20190706124543,NM noise,100,,10,No,52,,,,,,,,TES,Triangle,N/C,N/C,N/C,Time sync,,
20190706124615,TS noise,100,,10,No,52,,,,,,,,TES,Triangle,N/C,N/C,N/C,Time sync,"1140, 1152",
20190706124721,Laser,100,,600,No,52,,,,,1,101,40,TES,Triangle,N/C,N/C,N/C,Time sync,"1140, 1152",
20190706125727,Laser,100,,600,No,52,,,,,1,101,20,TES,Triangle,N/C,N/C,N/C,Time sync,"~30%, 1140, 1152",
20190706131614,Beam,20,,3600,Neutron,52,20190706131616,540,198.179,0.94,,,,TES,Triangle,N/C,N/C,N/C,Time sync,"1140, 1152",
20190706141654,Beam,20,,3600,Neutron,52,20190706141655,580,198.171,0.94,,,,TES,Triangle,N/C,N/C,N/C,Time sync,"1140, 1152",
20190706151700,Beam,20,,361,Neutron,52,20190706151702,550,198.178,0.94,,,,TES,Triangle,N/C,N/C,N/C,Time sync,"1140, 1152",Only 360 files
20190706152308,Beam,20,,3239,Neutron,52,20190706161806,580,198.181,0.94,,,,TES,Triangle,N/C,N/C,N/C,Time sync,"1140, 1152",Only 3238 files
20190706162033,Beam,20,,3600,Neutron,52,20190706162036,560,198.175,0.94,,,,TES,Triangle,N/C,N/C,N/C,Time sync,"1140, 1152",
20190706172047,Beam,20,,3600,Neutron,52,20190706172051,500,198.176,0.94,,,,TES,Triangle,N/C,N/C,N/C,Time sync,"1140, 1152",
20190706182100,Beam,20,,3600,Neutron,52,20190706182103,560,198.175,0.94,,,,TES,Triangle,N/C,N/C,N/C,Time sync,"1140, 1152",
20190706193810,Beam,20,,3600,Neutron,52,20190706193813,550,198.18,0.94,,,,TES,Triangle,N/C,N/C,N/C,Time sync,"1140, 1152",
20190706203821,Beam,20,,3600,Neutron,52,20190706203823,550,198.175,0.94,,,,TES,Triangle,N/C,N/C,N/C,Time sync,"1140, 1152",
20190706213837,Beam,20,,3600,Neutron,52,20190706213840,550,198.178,0.94,,,,,,,,,,,
20190707090746,IV curve,100,,0,No,52,,,,,,,,,,,,,,,
20190707092612,SC noise,100,,11,No,52,,,,,,,,TES,Triangle,N/C,N/C,N/C,Time sync,"~30%, 1143, 1156",
20190707093003,NM noise,100,,10,No,52,,,,,,,,TES,Triangle,N/C,N/C,N/C,Time sync,"~30%, 1143, 1156",
20190707093423,TS noise,100,,10,No,52,,,,,,,,TES,Triangle,N/C,N/C,N/C,Time sync,"~30%, 1143, 1156",
20190707094142,TS noise,100,,10,No,52,,,,,,,,TES,Triangle,N/C,N/C,N/C,Time sync,"~30%, 1143, 1156",
20190707094517,Laser,100,600,600,No,52,,,,,1,101,40,TES,Triangle,N/C,N/C,N/C,Time sync,"~30%, 1143, 1156",
20190707095533,Laser,100,600,600,No,52,,,,,1,101,20,TES,Triangle,N/C,N/C,N/C,Time sync,"~30%, 1143, 1156",
20190707100537,Laser,100,600,600,No,52,,,,,1,101,10,TES,Triangle,N/C,N/C,N/C,Time sync,"~30%, 1143, 1156",
20190707101645,Laser,20,600,600,No,52,,,,,1,101,20,TES,Triangle,N/C,N/C,N/C,Time sync,"~30%, 1143, 1156",
20190707103925,Laser,20,1800,1800,No,52,,,,,1,101,20,TES,Triangle,N/C,N/C,N/C,Time sync,"~30%, 1143, 1156",
20190707111139,Laser,20,1800,1800,No,52,,,,,1,101,20,TES,Triangle,N/C,N/C,N/C,Time sync,"~30%, 1143, 1156",
20190707115021,Beam,20,,3600,Neutron,52,20190707115024,500,198.178,0.94,,,,TES,Triangle,N/C,N/C,N/C,Time sync,"~30%, 1143, 1156","between these 2 runs, temp went up even without temp control, we lost about 15 mA."
20190707125741,Beam,20,,3600,Neutron,52,20190707125745,540,198.175,0.94,,,,TES,Triangle,N/C,N/C,N/C,Time sync,"~30%, 1143, 1156","temp unstable today, going down very slowly after temp control off and often need ding to turn temp control off."
20190707140349,Beam,20,,3600,Neutron,52,20190707140354,510,198.173,0.94,,,,TES,Triangle,N/C,N/C,N/C,Time sync,"~30%, 1143, 1156",
20190707150805,Beam,20,,3600,Neutron,52,20190707150810,510,198.177,0.94,,,,TES,Triangle,N/C,N/C,N/C,Time sync,"~30%, 1143, 1156",
20190707160923,Beam,20,,3600,Neutron,52,20190707160927,510,198.18,0.941,,,,TES,Triangle,N/C,N/C,N/C,Time sync,"~30%, 1143, 1156",
20190707171620,Beam,20,,3600,Neutron,52,20190707171626,560,198.173,0.94,,,,TES,Triangle,N/C,N/C,N/C,Time sync,"~30%, 1143, 1156",
20190707181752,Beam,20,,3600,Neutron,52,20190707181758,540,198.18,0.94,,,,TES,Triangle,N/C,N/C,N/C,Time sync,"~30%, 1143, 1156",
20190707191817,Beam,20,,3600,Neutron,52,20190707191822,560,198.175,0.94,,,,TES,Triangle,N/C,N/C,N/C,Time sync,"~30%, 1143, 1156",
20190707202157,Beam,20,,3600,Neutron,52,20190707202201,580,198.178,0.94,,,,TES,Triangle,N/C,N/C,N/C,Time sync,"~30%, 1143, 1156",
20190707212901,Beam,20,,3600,Neutron,52,20190707212902,500,198.178,0.94,,,,TES,Triangle,N/C,N/C,N/C,Time sync,"~30%, 1143, 1156",
20190708085815,IV curve,120,,0,No,52,,,,,,,,TES,Triangle,N/C,N/C,N/C,Time sync,,
20190708090501,IV curve,100,,0,No,52,,,,,,,,TES,Triangle,N/C,N/C,N/C,Time sync,,
20190708091107,SC noise,100,,10,No,52,,,,,,,,TES,Triangle,N/C,N/C,N/C,Time sync,,
20190708091258,NM noise,100,,10,No,52,,,,,,,,TES,Triangle,N/C,N/C,N/C,Time sync,,
20190708091423,TS noise,100,,10,No,52,,,,,,,,TES,Triangle,N/C,N/C,N/C,Time sync,"~30%, 1148, 1146",
20190708091948,Laser,100,300,300,No,52,,,,,1,101,40,TES,Triangle,N/C,N/C,N/C,Time sync,"~30%, 1148, 1146",
20190708092607,Laser,100,300,300,No,52,,,,,1,101,20,TES,Triangle,N/C,N/C,N/C,Time sync,"~30%, 1148, 1146",
20190708093205,Laser,100,300,300,No,52,,,,,1,101,10,TES,Triangle,N/C,N/C,N/C,Time sync,"~30%, 1148, 1146",
20190708093751,Laser,100,1149,1150,No,52,,,,,1,101,8,TES,Triangle,N/C,N/C,N/C,Time sync,"~30%, 1148, 1146",
20190708100028,Laser,20,1800,1800,No,52,,,,,1,101,20,TES,Triangle,N/C,N/C,N/C,Time sync,"~30%, 1148, 1146",
20190708103246,Laser,20,1800,1800,No,52,,,,,1,101,20,TES,Triangle,N/C,N/C,N/C,Time sync,"~30%, 1148, 1146",
20190708110248,Laser,20,1549,1550,No,52,,,,,,,,TES,Triangle,N/C,N/C,N/C,Time sync,"~30%, 1148, 1146",
20190708113020,Beam,20,,3600,Neutron,52,20190708113021,580,198.174,0.94,,,,TES,Triangle,N/C,N/C,N/C,Time sync,"~30%, 1148, 1146",
20190708123304,Beam,20,,3600,Neutron,52,20190708123305,570,198.179,0.94,,,,TES,Triangle,N/C,N/C,N/C,Time sync,"~30%, 1148, 1146",
20190708133330,Beam,20,,3600,Neutron,52,20190708123332,575,198.179,0.94,,,,TES,Triangle,N/C,N/C,N/C,Time sync,"~30%, 1148, 1146",
20190708143352,Beam,20,,2544,Neutron,52,20190708143352,580,198.175,0.94,,,,TES,Triangle,N/C,N/C,N/C,Time sync,"~30%, 1148, 1146",
20190708151650,Beam,20,,3600,Neutron,52,20190708151651,590,198.176,0.941,,,,TES,Triangle,N/C,N/C,N/C,Time sync,"~30%, 1148, 1146",
20190708161659,Beam,20,,3600,Neutron,52,20190708161702,550,198.176,0.94,,,,TES,Triangle,N/C,N/C,N/C,Time sync,"~30%, 1148, 1146",
20190708171734,Beam,20,,3600,Neutron,52,20190708171736,550,198.178,0.94,,,,TES,Triangle,N/C,N/C,N/C,Time sync,"~30%, 1148, 1146","(BPM signal went bad, additional analysis needed)"
20190708181741,Beam,20,,3600,Neutron,52,20190708181745,590,198.177,0.94,,,,TES,Triangle,N/C,N/C,N/C,Time sync,"~30%, 1148, 1146","(BPM signal went bad, additional analysis needed)"
20190708191753,Beam,20,,3600,Neutron,52,20190708191756,590,198.18,0.94,,,,TES,Triangle,N/C,N/C,N/C,Time sync,"~30%, 1148, 1146","(BPM signal went bad, additional analysis needed)"
20190708201804,Beam,20,,3600,Neutron,52,20190708201808,590,198.179,0.94,,,,TES,Triangle,N/C,N/C,N/C,Time sync,"~30%, 1148, 1146","(BPM signal went bad, additional analysis needed)"
20190708211823,Beam,20,,3600,Neutron,52,20190708211826,540,198.173,0.94,,,,TES,Triangle,N/C,N/C,N/C,Time sync,"~30%, 1148, 1146","(BPM signal went bad, additional analysis needed)"
20190709093243,IV curve,100,,0,No,52,,,,,,,,TES,Triangle,N/C,N/C,N/C,Time sync,,
20190709094753,SC noise,100,,10,No,52,,,,,,,,TES,Triangle,N/C,N/C,N/C,Time sync,,
20190709094952,NM noise,100,,10,No,52,,,,,,,,TES,Triangle,N/C,N/C,N/C,Time sync,,
20190709095104,TS noise,100,,10,No,52,,,,,,,,TES,Triangle,N/C,N/C,N/C,Time sync,"~30%, 1157, 1167",
20190709095928,TS noise,100,,10,No,52,,,,,,,,TES,Triangle,N/C,N/C,N/C,Time sync,"~30%, 1157, 1167","Temperature not stable, retaking the transition noise"
20190709100552,Laser,100,300,300,No,52,,,,,1,101,40,TES,Triangle,N/C,N/C,N/C,Time sync,"~30%, 1157, 1167",
20190709101220,Laser,100,300,300,No,52,,,,,1,101,20,TES,Triangle,N/C,N/C,N/C,Time sync,"~30%, 1157, 1167",
20190709101816,Laser,100,300,300,No,52,,,,,1,101,10,TES,Triangle,N/C,N/C,N/C,Time sync,"~30%, 1157, 1167",
20190709102901,Laser,100,1800,1345,No,52,,,,,1,101,10,TES,Triangle,N/C,N/C,N/C,Time sync,"~30%, 1157, 1167",
20190709105323,Beam,100,,2768,Neutron,52,20190709105325,610,198.174,0.94,,,,TES,Triangle,N/C,N/C,N/C,Time sync,"~30%, 1157, 1167","(Data taking canceled by Long because beam pick off signal goes bad. Only 2770 files) (BPM signal went bad, additional analysis needed)"
20190709114713,Beam,100,,514,Neutron,52,20190709114713,640,198.173,0.94,,,,TES,Triangle,N/C,N/C,N/C,Time sync,"~30%, 1157, 1167",
20190709115925,Beam,100,,3600,Neutron,52,20190709115924,600,198.172,0.94,,,,TES,Triangle,N/C,N/C,N/C,Time sync,"~30%, 1157, 1167",
20190709130048,Beam,100,,3600,Neutron,52,20190709130049,650,198.175,0.94,,,,TES,Triangle,N/C,N/C,N/C,Time sync,"~30%, 1157, 1167",
20190709140208,Beam,100,,3600,Neutron,52,20190709140210,610,198.179,0.94,,,,TES,Triangle,N/C,N/C,N/C,Time sync,"~30%, 1157, 1167",
20190709150316,Beam,100,,3600,Neutron,52,20190709150316,600,198.179,0.94,,,,TES,Triangle,N/C,N/C,N/C,Time sync,"~30%, 1157, 1167",
20190709161044,Beam,0,,3600,Neutron,52,20190709161046,630,198.177,0.94,,,,TES,Triangle,N/C,N/C,N/C,Time sync,"~30%, 1157, 1167",
20190709171051,Beam,0,,3600,Neutron,52,20190709171053,620,198.174,0.94,,,,TES,Triangle,N/C,N/C,N/C,Time sync,"~30%, 1157, 1167",
20190709181058,Beam,0,,3600,Neutron,52,20190709181059,630,198.177,0.94,,,,TES,Triangle,N/C,N/C,N/C,Time sync,"~30%, 1157, 1167",
20190709191253,Beam,0,,3600,Neutron,52,20190709191256,550,198.176,0.94,,,,TES,Triangle,N/C,N/C,N/C,Time sync,"~30%, 1157, 1167",
20190709201333,Beam,0,,3600,Neutron,52,20190709201334,610,198.172,0.94,,,,TES,Triangle,N/C,N/C,N/C,Time sync,"~30%, 1157, 1167",
20190709211843,Beam,0,,3600,Neutron,52,20190709211844,550,198.172,0.94,,,,TES,Triangle,N/C,N/C,N/C,Time sync,"~30%, 1157, 1167",
20190710094159,IV curve,100,,0,No,52,,,,,,,,TES,Triangle,N/C,N/C,N/C,Time sync,,
20190710095208,SC noise,100,,10,No,52,,,,,,,,TES,Triangle,N/C,N/C,N/C,Time sync,,
20190710095425,NM noise,100,,10,No,52,,,,,,,,TES,Triangle,N/C,N/C,N/C,Time sync,,
20190710095544,TS noise,100,,10,No,52,,,,,,,,TES,Triangle,N/C,N/C,N/C,Time sync,"~30%, 1155 1165",
20190710100816,TS noise,100,,10,No,52,,,,,,,,TES,Triangle,N/C,N/C,N/C,Time sync,"~30%, 1155 1165",
20190710102553,Laser,100,300,300,No,52,,,,,1,101,40,TES,Triangle,N/C,N/C,N/C,Time sync,"~30%, 1155, 1165",
20190710103209,Laser,100,300,300,No,52,,,,,1,101,20,TES,Triangle,N/C,N/C,N/C,Time sync,"~30%, 1155, 1165",
20190710103734,Laser,100,300,300,No,52,,,,,1,101,10,TES,Triangle,N/C,N/C,N/C,Time sync,"~30%, 1155 1165",
20190710105509,Beam,100,,2149,Neutron,52,20190710105511,560,198.18,0.94,,,,TES,Triangle,N/C,N/C,N/C,Time sync,"~30%, 1155 1165","Misclicked on the ""Quit"" button on the labview panel. Got back the current 230 mA."
20190710114035,Beam,100,,3600,Neutron,52,20190710114038,510,198.177,0.94,,,,TES,Triangle,N/C,N/C,N/C,Time sync,"~30%, 1155 1165",
20190710124135,Beam,100,,3600,Neutron,52,20190710124137,510,198.176,0.94,,,,TES,Triangle,N/C,N/C,N/C,Time sync,"~30%, 1155 1165",
20190710134154,Beam,100,,3600,Neutron,52,20190710134156,480,198.172,0.94,,,,TES,Triangle,N/C,N/C,N/C,Time sync,"~30%, 1155 1165",
20190710144338,Beam,100,,3600,Neutron,52,20190710144339,480,198.172,0.94,,,,TES,Triangle,N/C,N/C,N/C,Time sync,"~30%, 1155 1165",Beam current dropped to 300mA
20190710162204,Beam,100,,0,Neutron,52,20190710162208,450,198.174,0.94,,,,TES,Triangle,N/C,N/C,N/C,Time sync,"~30%, 1155 1165",
20190710172306,Beam,100,,3600,Neutron,52,20190710172308,460,198.172,0.94,,,,TES,Triangle,N/C,N/C,N/C,Time sync,"~30%, 1155 1165",
20190710182621,Beam,100,,3600,Neutron,52,20190710182619,490,198.18,0.94,,,,TES,Triangle,N/C,N/C,N/C,Time sync,"~30%, 1155 1165",
20190710192650,Beam,100,,3600,Neutron,52,20190710192655,480,198.174,0.94,,,,TES,Triangle,N/C,N/C,N/C,Time sync,"~30%, 1155 1165",
20190710202907,Beam,100,,3600,Neutron,52,20190710202913,490,198.174,0.94,,,,TES,Triangle,N/C,N/C,N/C,Time sync,"~30%, 1155 1165",
20190710212959,Beam,100,,3600,Neutron,52,20190710213003,480,198.177,0.94,,,,TES,Triangle,N/C,N/C,N/C,Time sync,"~30%, 1155 1165",
20190711092048,IV curve,100,,0,No,52,,,,,,,,TES,Triangle,N/C,N/C,N/C,Time sync,,
20190711092607,SC noise,100,,10,No,52,,,,,,,,TES,Triangle,N/C,N/C,N/C,Time sync,,
20190711092829,SC noise,100,,10,No,52,,,,,,,,TES,Triangle,N/C,N/C,N/C,Time sync,,
20190711094713,IV curve,100,,0,No,52,,,,,,,,TES,Triangle,N/C,N/C,N/C,Time sync,,
20190711095456,SC noise,100,,10,No,52,,,,,,,,TES,Triangle,N/C,N/C,N/C,Time sync,,
20190711095828,NM noise,100,,10,No,52,,,,,,,,TES,Triangle,N/C,N/C,N/C,Time sync,,
20190711100232,TS noise,100,,10,No,52,,,,,,,,TES,Triangle,N/C,N/C,N/C,Time sync,"~30%, 1150 1162",
20190711103520,TS noise,100,,10,No,52,,,,,,,,TES,Triangle,N/C,N/C,N/C,Time sync,"~30%, 1150 1162",
20190711105212,TS noise,100,,10,No,52,,,,,,,,TES,Triangle,N/C,N/C,N/C,Time sync,"~30%, 1150 1162",
20190711105608,Laser,100,300,300,No,52,,,,,1,101,40,TES,Triangle,N/C,N/C,N/C,Time sync,"~30%, 1150 1162",
20190711110126,Laser,100,300,300,No,52,,,,,1,101,20,TES,Triangle,N/C,N/C,N/C,Time sync,"~30%, 1150 1162",
20190711110634,Laser,100,300,300,No,52,,,,,1,101,10,TES,Triangle,N/C,N/C,N/C,Time sync,"~30%, 1150 1162",
20190711115308,Beam,100,,3600,Neutron,52,20190711115309,540,198.121,0.94,,,,TES,Triangle,N/C,N/C,N/C,Time sync,"~30%, 1150 1162",
20190711125331,Beam,100,,3600,Neutron,52,20190711125332,540,198.127,0.94,,,,TES,Triangle,N/C,N/C,N/C,Time sync,"~30%, 1150 1162",
20190711135450,Beam,100,,3600,Neutron,52,20190711135451,500,198.121,0.94,,,,TES,Triangle,N/C,N/C,N/C,Time sync,"~30%, 1150 1162",
20190711145523,Beam,100,,3600,Neutron,52,20190711145524,460,198.123,0.94,,,,TES,Triangle,N/C,N/C,N/C,Time sync,"~30%, 1150 1162",
20190711155538,Beam,100,,3600,Neutron,52,20190711155539,440,198.124,0.94,,,,TES,Triangle,N/C,N/C,N/C,Time sync,"~30%, 1150 1162",
20190711165706,Beam,100,,3600,Neutron,52,20190711165710,460,198.128,0.94,,,,TES,Triangle,N/C,N/C,N/C,Time sync,"~30%, 1150 1162",
20190711175730,Beam,100,,3600,Neutron,52,20190711175732,490,198.123,0.94,,,,TES,Triangle,N/C,N/C,N/C,Time sync,"~30%, 1150 1162",
20190711190009,Beam,100,,3600,Neutron,52,20190711190010,460,198.122,0.94,,,,TES,Triangle,N/C,N/C,N/C,Time sync,"~30%, 1150 1162",
20190711200224,Beam,100,,3600,Neutron,52,20190711200227,500,198.126,0.94,,,,TES,Triangle,N/C,N/C,N/C,Time sync,"~30%, 1150 1162",
20190711210303,Beam,100,,3600,Neutron,52,20190711210305,490,198.126,0.94,,,,TES,Triangle,N/C,N/C,N/C,Time sync,"~30%, 1150 1162",
20190711220354,Beam,100,,2169,Neutron,52,20190711220357,500,198.128,0.94,,,,TES,Triangle,N/C,N/C,N/C,Time sync,"~30%, 1150 1162",stopped before end.
20190712092103,IV curve,100,,0,No,52,,,,,,,,TES,Triangle,N/C,N/C,N/C,Time sync,,
20190712092642,SC noise,100,,10,No,52,,,,,,,,TES,Triangle,N/C,N/C,N/C,Time sync,,
20190712092754,NM noise,100,,10,No,52,,,,,,,,TES,Triangle,N/C,N/C,N/C,Time sync,,
20190712093252,TS noise,100,,10,No,52,,,,,,,,TES,Triangle,N/C,N/C,N/C,Time sync,"~30%, 1152 1163",
20190712093948,Laser,100,300,300,No,52,,,,,1,101,40,TES,Triangle,N/C,N/C,N/C,Time sync,"~30%, 1152 1163",
20190712094628,Laser,100,300,300,No,52,,,,,1,101,20,TES,Triangle,N/C,N/C,N/C,Time sync,"~30%, 1152 1163",
20190712095215,Laser,100,300,300,No,52,,,,,1,101,10,TES,Triangle,N/C,N/C,N/C,Time sync,"~30%, 1152 1163",
20190712100045,Laser,100,300,300,No,52,,,,,1,101,10,TES,Triangle,N/C,N/C,N/C,Time sync,"~30%, 1152 1163",
20190712100622,Laser,100,-1,3600,No,52,,,,,1,101,4,TES,Triangle,N/C,N/C,N/C,Time sync,"~30%, 1152 1163",
20190712121443,Beam + Laser,100,,3600,Neutron,52,20190712121444,520,198.174,0.94,,,,TES,Triangle,N/C,N/C,N/C,Time sync,"~30%, 1152 1163",
20190712131838,Beam + Laser,100,,3275,Neutron,52,20190712131838,500,198.173,0.94,,,,TES,Triangle,N/C,N/C,N/C,Time sync,"~30%, 1152 1163",(only 3274 traces) The entire first set of beam data and the second set up to around trace 3070 was taken with the laser on. The second data of beam data was ended prematurely a few minutes after the laser was turned off so that the DAQ could be reset.
20190712141424,Beam,100,,881,Neutron,52,20190712141426,500,198.175,0.94,,,,TES,Triangle,N/C,N/C,N/C,Time sync,"~30%, 1152 1163","(only 880 traces) The third set of beam data was ended prematurely due to a monitor freeze, which required a computer shut down to fix."
20190712142922,Beam,100,,3600,Neutron,52,20190712142926,470,198.173,0.94,,,,TES,Triangle,N/C,N/C,N/C,Time sync,"~30%, 1152 1163",
20190712153112,Beam,100,,3600,Neutron,52,20190712153116,450,198.171,0.94,,,,TES,Triangle,N/C,N/C,N/C,Time sync,"~30%, 1152 1163",
20190712163122,Beam,100,,3261,Neutron,52,20190712163124,500,198.175,0.94,,,,TES,Triangle,N/C,N/C,N/C,Time sync,"~30%, 1152 1163",
20190712173329,Beam,100,,3600,Neutron,52,20190712173333,510,198.18,0.94,,,,TES,Triangle,N/C,N/C,N/C,Time sync,"~30%, 1152 1163",
20190712183355,Beam,100,,3600,Neutron,52,20190712183355,470,198.173,0.94,,,,TES,Triangle,N/C,N/C,N/C,Time sync,"~30%, 1152 1163",
20190712193523,Beam,100,,3600,Neutron,52,20190712193523,450,198.176,0.94,,,,TES,Triangle,N/C,N/C,N/C,Time sync,"~30%, 1152 1163",
20190712203704,Beam,100,,3600,Neutron,52,20190712203707,470,198.173,0.94,,,,TES,Triangle,N/C,N/C,N/C,Time sync,"~30%, 1152 1163",
20190712213732,Beam,100,,3600,Neutron,52,20190712213733,480,198.177,0.94,,,,TES,Triangle,N/C,N/C,N/C,Time sync,"~30%, 1152 1163",
20190712224333,Laser,100,300,300,No,52,,,,,2,1000,127,TES,Triangle,N/C,N/C,N/C,Time sync,"~30%, 1152 1163",
20190712224851,Laser,100,600,600,No,52,,,,,4,1000,127,TES,Triangle,N/C,N/C,N/C,Time sync,"~30%, 1152 1163","Temperature was not very stable, may need baseline correction"
20190713095507,IV curve,100,,0,No,52,,,,,,,,TES,Triangle,N/C,N/C,N/C,Time sync,,
20190713100104,IV curve,100,,0,No,52,,,,,,,,TES,Triangle,N/C,N/C,N/C,Time sync,,
20190713100805,SC noise,100,,10,No,52,,,,,,,,TES,Triangle,N/C,N/C,N/C,Time sync,,
20190713100910,NM noise,100,,10,No,52,,,,,,,,TES,Triangle,N/C,N/C,N/C,Time sync,,
20190713101329,TS noise,100,,10,No,52,,,,,,,,TES,Triangle,N/C,N/C,N/C,Time sync,"~30%, 1151 1163",
20190713103820,SC noise,100,,10,No,52,,,,,,,,TES,Triangle,N/C,N/C,N/C,Time sync,,
20190713103658,NM noise,100,,10,No,52,,,,,,,,TES,Triangle,N/C,N/C,N/C,Time sync,,
20190713103233,TS noise,100,,10,No,52,,,,,,,,TES,Triangle,N/C,N/C,N/C,Time sync,"~30%, 1151 1163",
20190713105143,Laser,100,300,300,No,52,,,,,1,101,40,TES,Triangle,N/C,N/C,N/C,Time sync,"~30%, 1151 1163",
20190713105700,Laser,100,300,300,No,52,,,,,1,101,20,TES,Triangle,N/C,N/C,N/C,Time sync,"~30%, 1151 1163",
20190713110214,Laser,100,300,300,No,52,,,,,1,101,20,TES,Triangle,N/C,N/C,N/C,Time sync,"~30%, 1151 1163",
20190713115441,Fe55,0,600,600,Fe55,52,,,,,,,,TES,Triangle,N/C,N/C,N/C,Time sync,"~30%, 1151 1163",
20190713120906,Fe55,1,600,600,Fe55,52,,,,,,,,TES,Triangle,N/C,N/C,N/C,Time sync,"~30%, 1151 1163",
20190713122159,Fe55,2,600,600,Fe55,52,,,,,,,,TES,Triangle,N/C,N/C,N/C,Time sync,"~30%, 1151 1163",
20190713123350,Fe55,5,600,600,Fe55,52,,,,,,,,TES,Triangle,N/C,N/C,N/C,Time sync,"~30%, 1151 1163",
20190713124547,Fe55,10,600,600,Fe55,52,,,,,,,,TES,Triangle,N/C,N/C,N/C,Time sync,"~30%, 1151 1163",
20190713125831,Fe55,20,600,600,Fe55,52,,,,,,,,TES,Triangle,N/C,N/C,N/C,Time sync,"~30%, 1151 1163",
20190713131047,Fe55,30,600,600,Fe55,52,,,,,,,,TES,Triangle,N/C,N/C,N/C,Time sync,"~30%, 1151 1163",
20190713132251,Fe55,15,600,600,Fe55,52,,,,,,,,TES,Triangle,N/C,N/C,N/C,Time sync,"~30%, 1151 1163",
20190713142501,Co57,0,300,300,Co57,52,,,,,,,,TES,Triangle,N/C,N/C,N/C,Time sync,"~30%, 1151 1163","Center (x = 6.4cm), z = 0 cm"
20190713143138,Co57,0,300,300,Co57,52,,,,,,,,TES,Triangle,N/C,N/C,N/C,Time sync,"~30%, 1151 1163","Left x = 7.4cm, z = 0 cm"
20190713143809,Co57,0,300,300,Co57,52,,,,,,,,TES,Triangle,N/C,N/C,N/C,Time sync,"~30%, 1151 1163","Left x = 8.4cm, z = 0 cm (Rate is below 1Hz at this point)"
20190713144341,Co57,0,300,300,Co57,52,,,,,,,,TES,Triangle,N/C,N/C,N/C,Time sync,"~30%, 1151 1163","Left x = 6.9cm, z = 0 cm"
20190713144918,Co57,0,300,300,Co57,52,,,,,,,,TES,Triangle,N/C,N/C,N/C,Time sync,"~30%, 1151 1163","Right x = 5.9cm, z = 0 cm (The rate here is higher than x =6.9)"
20190713145438,Co57,0,300,300,Co57,52,,,,,,,,TES,Triangle,N/C,N/C,N/C,Time sync,"~30%, 1151 1163","Right x = 5.4cm, z = 0 cm"
20190713150006,Co57,0,300,300,Co57,52,,,,,,,,TES,Triangle,N/C,N/C,N/C,Time sync,"~30%, 1151 1163","Right x = 4.4cm, z = 0 cm"
20190713150734,Co57,0,300,300,Co57,52,,,,,,,,TES,Triangle,N/C,N/C,N/C,Time sync,"~30%, 1151 1163","Center it to x = 6.4 cm, z = -1 cm"
20190713151317,Co57,0,300,300,Co57,52,,,,,,,,TES,Triangle,N/C,N/C,N/C,Time sync,"~30%, 1151 1163","Center it to x = 6.4 cm, z = 1 cm"
20190713151833,Co57,0,300,300,Co57,52,,,,,,,,TES,Triangle,N/C,N/C,N/C,Time sync,"~30%, 1151 1163","Center it to x = 6.4 cm, z = 2 cm"
20190713152738,Co57,0,300,300,Co57,52,,,,,,,,TES,Triangle,N/C,N/C,N/C,Time sync,"~30%, 1151 1163","Center it to x = 6.4 cm, z = 0.5cm y = y2 (Accidentally moved the stage along the beam... Not sure where it is now in the beam direction, different y from now on)"
20190713153831,Co57,0,300,120,Co57,52,,,,,,,,TES,Triangle,N/C,N/C,N/C,Time sync,"~30%, 1151 1163","Center it to x = 6.4 cm, y = y2, z = 1 cm"
20190713154127,Co57,0,300,120,Co57,52,,,,,,,,TES,Triangle,N/C,N/C,N/C,Time sync,"~30%, 1151 1163","Center it to x = 6.4 cm, y = y2, z = 1.5 cm"
20190713154359,Co57,0,300,120,Co57,52,,,,,,,,TES,Triangle,N/C,N/C,N/C,Time sync,"~30%, 1151 1163","Center it to x = 6.4 cm, y = y2, z=0  cm"
20190713154644,Co57,0,300,120,Co57,52,,,,,,,,TES,Triangle,N/C,N/C,N/C,Time sync,"~30%, 1151 1163","Center it to x = 6.4 cm, y = y2, z = -0.5 cm "
20190713154910,Co57,0,300,120,Co57,52,,,,,,,,TES,Triangle,N/C,N/C,N/C,Time sync,"~30%, 1151 1163","Center it to x = 6.4 cm, y = y2, z = -1 cm"
20190713155223,Co57,0,300,120,Co57,52,,,,,,,,TES,Triangle,N/C,N/C,N/C,Time sync,"~30%, 1151 1163","x = 5.9 cm, y = y2, z = 0.5 cm"
20190713155444,Co57,0,300,120,Co57,52,,,,,,,,TES,Triangle,N/C,N/C,N/C,Time sync,"~30%, 1151 1163","x = 5.4 cm, y = y2, z = 0.5 cm"
20190713155706,Co57,0,300,120,Co57,52,,,,,,,,TES,Triangle,N/C,N/C,N/C,Time sync,"~30%, 1151 1163","x = 4.9 cm, y = y2, z = 0.5 cm"
20190713155928,Co57,0,300,120,Co57,52,,,,,,,,TES,Triangle,N/C,N/C,N/C,Time sync,"~30%, 1151 1163","x = 4.4 cm, y = y2, z = 0.5 cm"
20190713160158,Co57,0,300,120,Co57,52,,,,,,,,TES,Triangle,N/C,N/C,N/C,Time sync,"~30%, 1151 1163","x = 6.9 cm, y = y2, z = 0.5 cm "
20190713160432,Co57,0,300,120,Co57,52,,,,,,,,TES,Triangle,N/C,N/C,N/C,Time sync,"~30%, 1151 1163","x = 7.4 cm, y = y2, z = 0.5 cm"
20190713170043,Laser,250,3600,3600,No,52,,,,,1,101,2,TES,Triangle,N/C,N/C,N/C,Time sync,"~30%, 1151 1163",
20190713180008,Laser,250,1800,1800,No,52,,,,,1,101,2,TES,Triangle,N/C,N/C,N/C,Time sync,"~30%, 1151 1163",
20190713184027,Laser,250,3600,3600,No,52,,,,,1,101,4,TES,Triangle,N/C,N/C,N/C,Time sync,"~30%, 1151 1163",
20190713194235,Co57,100,1200,1200,Co57,52,,,,,,,,TES,Triangle,N/C,N/C,N/C,Time sync,"~30%, 1151 1163","x=5.9, z = -2.5 cm"
20190713203258,Co57,0,,120,Co57,52,,,,,,,,TES,Triangle,N/C,N/C,N/C,Time sync,"~30%, 1151 1163","Rate measurement after moving the fridge (Source at x=6.4,z=0): "
20190713221408,Background,123,,116,No,52,,,,,,,,TES,Triangle,N/C,N/C,N/C,Time sync,"~30%, 1151 1163", Not too much point..
20190713221618,Background,100,,600,No,52,,,,,,,,TES,Triangle,N/C,N/C,N/C,Time sync,"~30%, 1151 1163",
20190714093513,IV curve,0,,0,No,52,,,,,,,,TES,Triangle,N/C,N/C,N/C,Time sync,,
20190714105212,IV curve,0,,0,No,52,,,,,,,,TES,Triangle,N/C,N/C,N/C,Time sync,,
20190714110205,SC noise,0,,10,No,52,,,,,,,,TES,Triangle,N/C,N/C,N/C,Time sync,,
20190714110321,NM noise,0,,10,No,52,,,,,,,,TES,Triangle,N/C,N/C,N/C,Time sync,,
20190714110536,TS noise,0,,10,No,52,,,,,,,,TES,Triangle,N/C,N/C,N/C,Time sync,"~30%, 1143 1153",
20190714110650,Laser,0,300,300,No,52,,,,,1,101,40,TES,Triangle,N/C,N/C,N/C,Time sync,"~30%, 1143 1153",
20190714111206,Laser,0,300,300,No,52,,,,,1,101,20,TES,Triangle,N/C,N/C,N/C,Time sync,"~30%, 1143 1153",
20190714111800,Laser,0,300,300,No,52,,,,,1,101,10,TES,Triangle,N/C,N/C,N/C,Time sync,"~30%, 1143 1153",
20190714112331,Laser,0,-1,2659,No,52,,,,,1,101,4,TES,Triangle,N/C,N/C,N/C,Time sync,"~30%, 1143 1153",
20190714120848,Beam + Laser,0,,3600,Neutron,52,20190714120850,500,198.173,0.94,1,0.5,20,TES,Triangle,N/C,N/C,N/C,Time sync,"~30%, 1143 1153",
20190714130908,Beam + Laser,0,,3600,Neutron,52,20190714130913,450,198.173,0.94,1,0.5,20,TES,Triangle,N/C,N/C,N/C,Time sync,"~30%, 1143 1153",
20190714141008,Beam + Laser,0,,3600,Neutron,52,20190714141008,500,198.174,0.94,1,0.5,20,TES,Triangle,N/C,N/C,N/C,Time sync,"~30%, 1143 1153",
20190714151040,Beam + Laser,0,,3600,Neutron,52,20190714151040,490,198.171,0.94,1,0.5,20,TES,Triangle,N/C,N/C,N/C,Time sync,"~30%, 1143 1153",
20190714161057,Beam + Laser,0,,3600,Neutron,52,20190714161057,490,198.175,0.94,1,0.5,20,TES,Triangle,N/C,N/C,N/C,Time sync,"~30%, 1143 1153",
20190714171204,Beam + Laser,0,,3600,Neutron,52,20190714171204,490,198.173,0.94,1,0.5,20,TES,Triangle,N/C,N/C,N/C,Time sync,"~30%, 1143 1153",
20190714181226,Beam + Laser,0,,3600,Neutron,52,20190714181226,480,198.179,0.94,1,0.5,20,TES,Triangle,N/C,N/C,N/C,Time sync,"~30%, 1143 1153",
20190714191240,Beam + Laser,0,,3600,Neutron,52,20190714191245,490,198.171,0.94,1,0.5,20,TES,Triangle,N/C,N/C,N/C,Time sync,"~30%, 1143 1153",
20190714203930,Beam + Laser,0,,3600,Neutron,52,20190714203932,500,198.171,0.94,1,0.5,20,TES,Triangle,N/C,N/C,N/C,Time sync,"~30%, 1143 1153",
20190714214924,Beam + Laser,0,,3600,Neutron,52,20190714214925,460,198.174,0.94,1,0.5,20,TES,Triangle,N/C,N/C,N/C,Time sync,"~30%, 1143 1153",
20190715091734,IV curve,100,,0,No,52,,,,,,,,TES,Triangle,N/C,N/C,N/C,Time sync,,
20190715092159,IV curve,100,,0,No,52,,,,,,,,TES,Triangle,N/C,N/C,N/C,Time sync,,
20190715092645,SC noise,100,,10,No,52,,,,,,,,TES,Triangle,N/C,N/C,N/C,Time sync,,
20190715092740,NM noise,100,,10,No,52,,,,,,,,TES,Triangle,N/C,N/C,N/C,Time sync,,
20190715092806,TS noise,100,,10,No,52,,,,,,,,TES,Triangle,N/C,N/C,N/C,Time sync,"~30%, 1143 1153",(Bias to the bias point from yesterday's IV)
20190715093855,TS noise,100,,10,No,52,,,,,,,,TES,Triangle,N/C,N/C,N/C,Time sync,"~30%, 1143 1153",
20190715094320,Laser,100,300,300,No,52,,,,,1,101,40,TES,Triangle,N/C,N/C,N/C,Time sync,"~30%, 1143 1153",
20190715094834,Laser,100,300,300,No,52,,,,,1,101,20,TES,Triangle,N/C,N/C,N/C,Time sync,"~30%, 1143 1153",
20190715095433,Laser,100,300,300,No,52,,,,,1,101,10,TES,Triangle,N/C,N/C,N/C,Time sync,"~30%, 1143 1153",
20190715100518,Laser,100,-1,3600,No,52,,,,,1,101,4,TES,Triangle,N/C,N/C,N/C,Time sync,"~30%, 1143 1153",
20190715112224,Beam + Laser,100,,3600,Neutron,52,20190715112225,530,198.177,0.94,1,0.5,20,TES,Triangle,N/C,N/C,N/C,Time sync,"~30%, 1143 1153",
20190715122247,Beam + Laser,100,,3600,Neutron,52,20190715122249,520,198.177,0.94,1,0.5,20,TES,Triangle,N/C,N/C,N/C,Time sync,"~30%, 1143 1153",
20190715132652,Beam + Laser,100,,3600,Neutron,52,20190715132654,490,198.178,0.94,1,0.5,20,TES,Triangle,N/C,N/C,N/C,Time sync,"~30%, 1143 1153",beam current unstable
20190715142833,Beam + Laser,100,,3600,Neutron,52,20190715142832,500,198.178,0.94,1,0.5,20,TES,Triangle,N/C,N/C,N/C,Time sync,"~30%, 1143 1153",
20190715154417,Beam + Laser,100,,3600,Neutron,52,20190715154419,490,198.171,0.94,1,0.5,20,TES,Triangle,N/C,N/C,N/C,Time sync,"~30%, 1143 1153",
20190715164430,Beam + Laser,100,,3600,Neutron,52,20190715164430,490,198.171,0.94,1,0.5,20,TES,Triangle,N/C,N/C,N/C,Time sync,"~30%, 1143 1153",
20190715174457,Beam + Laser,100,,3600,Neutron,52,20190715174457,510,198.177,0.94,1,0.5,20,TES,Triangle,N/C,N/C,N/C,Time sync,"~30%, 1143 1153",
20190715184504,Beam + Laser,100,,3600,Neutron,52,20190715184508,510,198.171,0.94,1,0.5,20,TES,Triangle,N/C,N/C,N/C,Time sync,"~30%, 1143 1153",
20190715194636,Beam + Laser,100,,3600,Neutron,52,20190715194638,500,198.173,0.94,1,0.5,20,TES,Triangle,N/C,N/C,N/C,Time sync,"~30%, 1143 1153",
20190715204649,Beam + Laser,100,,3600,Neutron,52,20190715204652,500,198.174,0.94,1,0.5,20,TES,Triangle,N/C,N/C,N/C,Time sync,"~30%, 1143 1153",
20190715214700,Beam + Laser,100,,2958,Neutron,52,20190715214703,410,198.174,0.94,1,0.5,20,TES,Triangle,N/C,N/C,N/C,Time sync,,
20190716092228,IV curve,100,,0,No,52,,,,,,,,TES,Triangle,N/C,N/C,N/C,Time sync,,
20190716092745,SC noise,100,,10,No,52,,,,,,,,TES,Triangle,N/C,N/C,N/C,Time sync,,
20190716092839,NM noise,100,,10,No,52,,,,,,,,TES,Triangle,N/C,N/C,N/C,Time sync,,
20190716093924,TS noise,100,,10,No,52,,,,,,,,TES,Triangle,N/C,N/C,N/C,Time sync,"~30%, 1148 1161",
20190716094021,Laser,100,300,300,No,52,,,,,1,101,40,TES,Triangle,N/C,N/C,N/C,Time sync,"~30%, 1148 1161",
20190716094603,Laser,100,300,300,No,52,,,,,1,101,20,TES,Triangle,N/C,N/C,N/C,Time sync,"~30%, 1148 1161",
20190716095201,Laser,100,300,300,No,52,,,,,1,101,10,TES,Triangle,N/C,N/C,N/C,Time sync,"~30%, 1148 1161",
20190716095722,Laser,100,-1,3310,No,52,,,,,1,101,4,TES,Triangle,N/C,N/C,N/C,Time sync,"~30%, 1148 1161",
20190716105305,Beam + Laser,100,,3600,Neutron,52,20190716105310,570,198.176,0.94,1,0.5,20,TES,Triangle,N/C,N/C,N/C,Time sync,"~30%, 1148 1161",
20190716115319,Beam + Laser,100,,3600,Neutron,52,20190716115324,530,198.172,0.94,1,0.5,20,TES,Triangle,N/C,N/C,N/C,Time sync,"~30%, 1148 1161",
20190716130914,Beam + Laser,100,,3600,Neutron,52,20190716130918,510,198.176,0.941,1,0.5,20,TES,Triangle,N/C,N/C,N/C,Time sync,"~30%, 1148 1161",
20190716140927,Beam + Laser,100,,3600,Neutron,52,20190716140931,570,198.171,0.94,1,0.5,20,TES,Triangle,N/C,N/C,N/C,Time sync,"~30%, 1148 1161",
20190716151001,Beam + Laser,100,,3600,Neutron,52,20190716151002,490,198.179,0.94,1,0.5,20,TES,Triangle,N/C,N/C,N/C,Time sync,"~30%, 1148 1161",
20190716161017,Beam + Laser,100,,3600,Neutron,52,20190716161021,570,198.178,0.94,1,0.5,20,TES,Triangle,N/C,N/C,N/C,Time sync,"~30%, 1148 1161",
20190716171308,Beam + Laser,100,,3600,Neutron,52,20190716171310,550,198.17,0.94,1,0.5,20,TES,Triangle,N/C,N/C,N/C,Time sync,"~30%, 1148 1161",
20190716181312,Beam + Laser,100,,3600,Neutron,52,20190716181318,570,198.177,0.94,1,0.5,20,TES,Triangle,N/C,N/C,N/C,Time sync,"~30%, 1148 1161",
20190716191506,Beam + Laser,100,,3600,Neutron,52,20190716191508,560,198.172,0.94,1,0.5,20,TES,Triangle,N/C,N/C,N/C,Time sync,"~30%, 1148 1161",
20190716201518,Beam + Laser,100,,341,Neutron,52,20190716201519,560,198.172,0.94,1,0.5,20,TES,Triangle,N/C,N/C,N/C,Time sync,"~30%, 1148 1161",I accidently stopped the PMT DAQ at around 20:25 (Emile).
20190716202119,Beam + Laser,100,,3600,Neutron,52,20190716202121,580,198.175,0.94,1,0.5,20,TES,Triangle,N/C,N/C,N/C,Time sync,"~30%, 1148 1161",
20190716212129,Beam + Laser,100,,3600,Neutron,52,20190716212130,590,198.178,0.94,1,0.5,20,TES,Triangle,N/C,N/C,N/C,Time sync,"~30%, 1148 1161",
20190716225115,Fe55,0,300,300,Fe55,52,,,,,,,,TES,Triangle,N/C,N/C,N/C,Time sync,"~30%, 1150 1162",
20190716225644,Fe55,1,300,300,Fe55,52,,,,,,,,TES,Triangle,N/C,N/C,N/C,Time sync,"~30%, 1150 1162",
20190716230211,Fe55,2,300,300,Fe55,52,,,,,,,,TES,Triangle,N/C,N/C,N/C,Time sync,"~30%, 1150 1162",
20190716230802,Fe55,5,300,300,Fe55,52,,,,,,,,TES,Triangle,N/C,N/C,N/C,Time sync,"~30%, 1150 1162",
20190716231452,Fe55,10,300,300,Fe55,52,,,,,,,,TES,Triangle,N/C,N/C,N/C,Time sync,"~30%, 1150 1162",
20190716232253,Fe55,0,300,300,Fe55,52,,,,,,,,TES,Triangle,N/C,N/C,N/C,Time sync,"~30%, 1150 1162",
20190716232829,Fe55,-1,300,300,Fe55,52,,,,,,,,TES,Triangle,N/C,N/C,N/C,Time sync,"~30%, 1150 1162",
20190716233424,Fe55,-2,300,300,Fe55,52,,,,,,,,TES,Triangle,N/C,N/C,N/C,Time sync,"~30%, 1150 1162",
20190716234144,Fe55,-5,300,300,Fe55,52,,,,,,,,TES,Triangle,N/C,N/C,N/C,Time sync,"~30%, 1150 1162",
20190716235215,Fe55,-10,300,300,Fe55,52,,,,,,,,TES,Triangle,N/C,N/C,N/C,Time sync,"~30%, 1150 1162",
20190717094525,IV curve,100,,0,No,52,,,,,,,,TES,Triangle,N/C,N/C,N/C,Time sync,,
20190717095943,IV curve,100,,0,No,52,,,,,,,,TES,Triangle,N/C,N/C,N/C,Time sync,,
20190717100713,SC noise,100,,10,No,52,,,,,,,,TES,Triangle,N/C,N/C,N/C,Time sync,,
20190717100745,NM noise,100,,10,No,52,,,,,,,,TES,Triangle,N/C,N/C,N/C,Time sync,,
20190717100915,TS noise,100,,10,No,52,,,,,,,,TES,Triangle,N/C,N/C,N/C,Time sync,"~30%, 1150 1162",
20190717101034,Laser,100,300,300,No,52,,,,,1,101,40,TES,Triangle,N/C,N/C,N/C,Time sync,"~30%, 1150 1162",
20190717101545,Laser,100,300,300,No,52,,,,,1,101,20,TES,Triangle,N/C,N/C,N/C,Time sync,"~30%, 1150 1162",
20190717102326,Laser,100,300,300,No,52,,,,,1,101,10,TES,Triangle,N/C,N/C,N/C,Time sync,"~30%, 1150 1162",
20190717102908,Laser,100,-1,2151,No,52,,,,,1,101,4,TES,Triangle,N/C,N/C,N/C,Time sync,"~30%, 1150 1162",
20190717110614,Beam + Laser,100,,3600,Neutron,52,20190717110613,550,198.177,0.94,1,0.5,20,TES,Triangle,N/C,N/C,N/C,Time sync,"~30%, 1150 1162",
20190717120744,Beam + Laser,100,,3600,Neutron,52,20190717120744,600,198.179,0.941,1,0.5,20,TES,Triangle,N/C,N/C,N/C,Time sync,"~30%, 1150 1162",
20190717130851,Beam + Laser,100,,3600,Neutron,52,20190717130850,550,198.173,0.94,1,0.5,20,TES,Triangle,N/C,N/C,N/C,Time sync,"~30%, 1150 1162",
20190717141154,Beam + Laser,100,,3600,Neutron,52,20190717141156,590,198.175,0.94,1,0.5,20,TES,Triangle,N/C,N/C,N/C,Time sync,"~30%, 1150 1162",
20190717151309,Beam + Laser,100,,3600,Neutron,52,20190717151309,500,198.171,0.94,1,0.5,20,TES,Triangle,N/C,N/C,N/C,Time sync,"~30%, 1150 1162",
20190717161449,Beam + Laser,100,,3600,Neutron,52,20190717161450,600,198.177,0.94,1,0.5,20,TES,Triangle,N/C,N/C,N/C,Time sync,"~30%, 1150 1162",
20190717171509,Beam + Laser,100,,3600,Neutron,52,20190717171510,600,198.177,0.94,1,0.5,20,TES,Triangle,N/C,N/C,N/C,Time sync,"~30%, 1150 1162",
20190717181536,Beam + Laser,100,,3600,Neutron,52,20190717181537,550,198.179,0.94,1,0.5,20,TES,Triangle,N/C,N/C,N/C,Time sync,"~30%, 1150 1162",
20190717191700,Beam + Laser,100,,3600,Neutron,52,20190717191702,590,198.175,0.94,1,0.5,20,TES,Triangle,N/C,N/C,N/C,Time sync,"~30%, 1150 1162",
20190717201743,Beam + Laser,100,,3600,Neutron,52,20190717201745,480,198.172,0.941,1,0.5,20,TES,Triangle,N/C,N/C,N/C,Time sync,"~30%, 1150 1162",
20190717211757,Beam + Laser,100,,3600,Neutron,52,20190717211759,500,198.17,0.941,1,0.5,20,TES,Triangle,N/C,N/C,N/C,Time sync,"~30%, 1150 1162",The beam went crazy at about 20 mins
20190718092155,IV curve,100,,0,No,52,,,,,,,,TES,Triangle,N/C,N/C,N/C,Time sync,,
20190718092940,SC noise,100,,10,No,52,,,,,,,,TES,Triangle,N/C,N/C,N/C,Time sync,,
20190718093121,NM noise,100,,10,No,52,,,,,,,,TES,Triangle,N/C,N/C,N/C,Time sync,,
20190718100200,TS noise,100,,10,No,52,,,,,,,,TES,Triangle,N/C,N/C,N/C,Time sync,"~30%, 1141 1157",
20190718101302,Laser,100,300,300,No,52,,,,,1,101,40,TES,Triangle,N/C,N/C,N/C,Time sync,"~30%, 1141 1157",
20190718102534,Laser,100,300,300,No,52,,,,,1,101,20,TES,Triangle,N/C,N/C,N/C,Time sync,"~30%, 1141 1157",
20190718103102,Laser,100,300,300,No,52,,,,,1,101,10,TES,Triangle,N/C,N/C,N/C,Time sync,"~30%, 1141 1157",
20190718103620,Laser,100,-1,811,No,52,,,,,1,101,4,TES,Triangle,N/C,N/C,N/C,Time sync,"~30%, 1141 1157",
20190718105010,Beam + Laser,100,,3600,Neutron,52,20190718105010,630,198.18,0.941,1,0.5,20,TES,Triangle,N/C,N/C,N/C,Time sync,"~30%, 1141 1157",
20190718115020,Beam + Laser,100,,3600,Neutron,52,20190718115021,510,198.173,0.941,1,0.5,20,TES,Triangle,N/C,N/C,N/C,Time sync,"~30%, 1141 1157",
20190718125326,Beam + Laser,100,,3600,Neutron,52,20190718125323,550,198.171,0.941,1,0.5,20,TES,Triangle,N/C,N/C,N/C,Time sync,"~30%, 1141 1157",
20190718135354,Beam + Laser,100,,3600,Neutron,52,20190718135354,550,198.177,0.941,1,0.5,20,TES,Triangle,N/C,N/C,N/C,Time sync,"~30%, 1141 1157",
20190718145402,Beam + Laser,100,,3600,Neutron,52,20190718145402,540,198.179,0.941,1,0.5,20,TES,Triangle,N/C,N/C,N/C,Time sync,"~30%, 1141 1157",
20190718155742,Beam + Laser,100,,3600,Neutron,52,20190718155743,580,198.174,0.941,1,0.5,20,TES,Triangle,N/C,N/C,N/C,Time sync,"~30%, 1141 1157",
20190718165750,Beam + Laser,100,,3600,Neutron,52,20190718165750,550,198.177,0.941,1,0.5,20,TES,Triangle,N/C,N/C,N/C,Time sync,"~30%, 1141 1157",
20190718175818,Beam + Laser,100,,3600,Neutron,52,20190718175821,550,198.17,0.941,1,0.5,20,TES,Triangle,N/C,N/C,N/C,Time sync,"~30%, 1141 1157",
20190718185830,Beam + Laser,100,,3600,Neutron,52,20190718185831,560,198.175,0.941,1,0.5,20,TES,Triangle,N/C,N/C,N/C,Time sync,"~30%, 1141 1157",
20190718195932,Beam + Laser,100,,3600,Neutron,52,20190718195934,,,,1,0.5,20,TES,Triangle,N/C,N/C,N/C,Time sync,"~30%, 1141 1157",
20190718205959,Beam + Laser,100,,3600,Neutron,52,20190718210003,,,,1,0.5,20,TES,Triangle,N/C,N/C,N/C,Time sync,"~30%, 1141 1157",
20190719091637,IV curve,0,,0,No,52,,,,,,,,TES,Triangle,N/C,N/C,N/C,Time sync,,
20190719092124,SC noise,0,,10,No,52,,,,,,,,TES,Triangle,N/C,N/C,N/C,Time sync,,
20190719092244,NM noise,0,,10,No,52,,,,,,,,TES,Triangle,N/C,N/C,N/C,Time sync,,
20190719092411,TS noise,0,,10,No,52,,,,,,,,TES,Triangle,N/C,N/C,N/C,Time sync,"~30%, 1151 1162",
20190719094502,Fe55,0,300,300,Fe55,52,,,,,,,,TES,Triangle,N/C,N/C,N/C,Time sync,"~30%, 1151 1162",
20190719095821,Fe55,1,300,300,Fe55,52,,,,,,,,TES,Triangle,N/C,N/C,N/C,Time sync,"~30%, 1151 1162",
20190719101211,Fe55,2,300,300,Fe55,52,,,,,,,,TES,Triangle,N/C,N/C,N/C,Time sync,"~30%, 1151 1162",
20190719102549,Fe55,3,300,300,Fe55,52,,,,,,,,TES,Triangle,N/C,N/C,N/C,Time sync,"~30%, 1151 1162",
20190719103303,Fe55,4,300,300,Fe55,52,,,,,,,,TES,Triangle,N/C,N/C,N/C,Time sync,"~30%, 1151 1162",
20190719104526,Fe55,7,300,300,Fe55,52,,,,,,,,TES,Triangle,N/C,N/C,N/C,Time sync,"~30%, 1151 1162",
20190719105246,Fe55,12,300,300,Fe55,52,,,,,,,,TES,Triangle,N/C,N/C,N/C,Time sync,"~30%, 1151 1162",the temperature drifted
20190719105753,Fe55,12,300,300,Fe55,52,,,,,,,,TES,Triangle,N/C,N/C,N/C,Time sync,"~30%, 1151 1162",
20190719110927,Fe55,20,300,300,Fe55,52,,,,,,,,TES,Triangle,N/C,N/C,N/C,Time sync,"~30%, 1151 1162",
20190719112131,Fe55,40,300,300,Fe55,52,,,,,,,,TES,Triangle,N/C,N/C,N/C,Time sync,"~30%, 1151 1162",
20190719113225,Fe55,50,300,300,Fe55,52,,,,,,,,TES,Triangle,N/C,N/C,N/C,Time sync,"~30%, 1151 1162",
20190719114822,Fe55,70,300,300,Fe55,52,,,,,,,,TES,Triangle,N/C,N/C,N/C,Time sync,"~30%, 1151 1162",
20190719125210,Laser,200,300,300,No,52,,,,,1,101,40,TES,Triangle,N/C,N/C,N/C,Time sync,"~30%, 1151 1162",
20190719125728,Laser,200,300,300,No,52,,,,,1,101,20,TES,Triangle,N/C,N/C,N/C,Time sync,"~30%, 1151 1162",
20190719130311,Laser,200,300,300,No,52,,,,,1,101,20,TES,Triangle,N/C,N/C,N/C,Time sync,"~30%, 1151 1162",
20190719131455,Beam + Laser,180,,3600,Neutron,52,20190719131458,500,198.177,0.94,1,0.5,40,TES,Triangle,N/C,N/C,N/C,Time sync,"~30%, 1151 1162",
20190719141507,Beam + Laser,180,,3600,Neutron,52,20190719141513,500,198.18,0.94,1,0.5,40,TES,Triangle,N/C,N/C,N/C,Time sync,"~30%, 1151 1162",
20190719151921,Beam + Laser,180,,3600,Neutron,52,20190719151926,520,198.175,0.94,1,0.5,40,TES,Triangle,N/C,N/C,N/C,Time sync,"~30%, 1151 1162",
20190719162108,Beam + Laser,180,,3600,Neutron,52,20190719162113,500,198.171,0.94,1,0.5,40,TES,Triangle,N/C,N/C,N/C,Time sync,"~30%, 1151 1162",
20190719172135,Beam + Laser,180,,3600,Neutron,52,20190719172135,500,198.175,0.94,1,0.5,40,TES,Triangle,N/C,N/C,N/C,Time sync,"~30%, 1151 1162",
20190719182142,Beam + Laser,180,,3600,Neutron,52,20190719182145,520,198.178,0.94,1,0.5,40,TES,Triangle,N/C,N/C,N/C,Time sync,"~30%, 1151 1162",
20190719192152,Beam + Laser,180,,3600,Neutron,52,20190719192156,510,198.177,0.941,1,0.5,40,TES,Triangle,N/C,N/C,N/C,Time sync,"~30%, 1151 1162",
20190719202210,Beam + Laser,180,,3600,Neutron,52,20190719202209,540,198.174,0.94,1,0.5,40,TES,Triangle,N/C,N/C,N/C,Time sync,"~30%, 1151 1162",
20190719212445,Beam + Laser,180,,3600,Neutron,52,20190719212445,550,198.175,0.94,1,0.5,40,TES,Triangle,N/C,N/C,N/C,Time sync,"~30%, 1151 1162",
20190719222558,Beam + Laser,180,,3600,Neutron,52,20190719222600,510,198.179,0.941,1,0.5,40,TES,Triangle,N/C,N/C,N/C,Time sync,"~30%, 1151 1162",
20190720091943,IV curve,180,,0,No,52,,,,,,,,TES,Triangle,N/C,N/C,N/C,Time sync,,
20190720092548,SC noise,180,,10,No,52,,,,,,,,TES,Triangle,N/C,N/C,N/C,Time sync,,
20190720092622,NM noise,180,,10,No,52,,,,,,,,TES,Triangle,N/C,N/C,N/C,Time sync,,
20190720100026,TS noise,180,,10,No,52,,,,,,,,TES,Triangle,N/C,N/C,N/C,Time sync,"~30%, 1150 1161",
20190720101749,Laser,180,300,300,No,52,,,,,1,101,40,TES,Triangle,N/C,N/C,N/C,Time sync,"~30%, 1150 1161",
20190720103023,Laser,180,300,300,No,52,,,,,1,101,40,TES,Triangle,N/C,N/C,N/C,Time sync,"~30%, 1150 1161",
20190720105829,Laser,180,300,300,No,52,,,,,1,101,20,TES,Triangle,N/C,N/C,N/C,Time sync,"~30%, 1150 1161",
20190720110357,Laser,180,300,300,No,52,,,,,1,101,10,TES,Triangle,N/C,N/C,N/C,Time sync,"~30%, 1150 1161",
20190720110914,Laser,180,-1,978,No,52,,,,,1,101,4,TES,Triangle,N/C,N/C,N/C,Time sync,"~30%, 1150 1161",
20190720112659,Beam + Laser,180,,3600,Neutron,52,20190720112701,500,198.173,0.941,1,0.5,40,TES,Triangle,N/C,N/C,N/C,Time sync,"~30%, 1150 1161",
20190720130200,Beam + Laser,180,,3600,Neutron,52,20190720130200,500,198.171,0.941,1,0.5,40,TES,Triangle,N/C,N/C,N/C,Time sync,"~30%, 1150 1161",
20190720140301,Beam + Laser,180,,3600,Neutron,52,20190720140303,520,198.179,0.941,1,0.5,40,TES,Triangle,N/C,N/C,N/C,Time sync,"~30%, 1150 1161",
20190720150318,Beam + Laser,180,,3600,Neutron,52,20190720150319,550,198.175,0.94,1,0.5,40,TES,Triangle,N/C,N/C,N/C,Time sync,"~30%, 1150 1161",
20190720160639,Beam + Laser,180,,3600,Neutron,52,20190720160641,550,198.178,0.94,1,0.5,40,TES,Triangle,N/C,N/C,N/C,Time sync,"~30%, 1150 1161",
20190720170622,Beam + Laser,180,,3600,Neutron,52,20190720170623,550,198.174,0.94,1,0.5,40,TES,Triangle,N/C,N/C,N/C,Time sync,"~30%, 1150 1161",
20190720181134,Beam + Laser,180,,3600,Neutron,52,20190720181136,510,198.176,0.94,1,0.5,40,TES,Triangle,N/C,N/C,N/C,Time sync,"~30%, 1150 1161",
20190720192229,Beam + Laser,180,,3600,Neutron,52,20190720192230,500,198.171,0.94,1,0.5,40,TES,Triangle,N/C,N/C,N/C,Time sync,"~30%, 1150 1161",
20190720202239,Beam + Laser,180,,3600,Neutron,52,20190720202242,500,198.175,0.94,1,0.5,40,TES,Triangle,N/C,N/C,N/C,Time sync,"~30%, 1150 1161",
20190720213255,Beam + Laser,180,,3600,Neutron,52,20190720213258,500,198.178,0.94,1,0.5,40,TES,Triangle,N/C,N/C,N/C,Time sync,"~30%, 1150 1161",
20190721093315,IV curve,180,,0,No,52,,,,,,,,TES,Triangle,N/C,N/C,N/C,Time sync,,
20190721094853,IV curve,180,,0,No,52,,,,,,,,TES,Triangle,N/C,N/C,N/C,Time sync,,
20190721095624,SC noise,180,,10,No,52,,,,,,,,TES,Triangle,N/C,N/C,N/C,Time sync,,
20190721095701,NM noise,180,,10,No,52,,,,,,,,TES,Triangle,N/C,N/C,N/C,Time sync,,
20190721100413,TS noise,180,,10,No,52,,,,,,,,TES,Triangle,N/C,N/C,N/C,Time sync,"~30%, 1147 1159",
20190721100717,Laser,180,300,300,No,52,,,,,1,101,40,TES,Triangle,N/C,N/C,N/C,Time sync,"~30%, 1147 1159",
20190721101230,Laser,180,300,300,No,52,,,,,1,101,20,TES,Triangle,N/C,N/C,N/C,Time sync,"~30%, 1147 1159",
20190721102348,Laser,180,300,300,No,52,,,,,1,101,10,TES,Triangle,N/C,N/C,N/C,Time sync,"~30%, 1147 1159",
20190721104913,Laser,180,-1,1485,No,52,,,,,1,101,4,TES,Triangle,N/C,N/C,N/C,Time sync,"~30%, 1147 1159",
20190721111504,Beam + Laser,180,,3600,Neutron,52,20190721111505,510,198.173,0.941,1,0.5,40,TES,Triangle,N/C,N/C,N/C,Time sync,"~30%, 1147 1159",
20190721121533,Beam + Laser,180,,3600,Neutron,52,20190721121534,470,198.172,0.941,1,0.5,40,TES,Triangle,N/C,N/C,N/C,Time sync,"~30%, 1147 1159",
20190721131545,Beam + Laser,180,,3600,Neutron,52,20190721131548,510,198.177,0.941,1,0.5,40,TES,Triangle,N/C,N/C,N/C,Time sync,"~30%, 1147 1159",
20190721141556,Beam + Laser,180,,3600,Neutron,52,20190721141559,510,198.173,0.941,1,0.5,40,TES,Triangle,N/C,N/C,N/C,Time sync,"~30%, 1147 1159",
20190721151611,Beam + Laser,180,,3600,Neutron,52,20190721151614,510,198.178,0.941,1,0.5,40,TES,Triangle,N/C,N/C,N/C,Time sync,"~30%, 1147 1159",
20190721161718,Beam + Laser,180,,3600,Neutron,52,20190721161721,460,198.175,0.941,1,0.5,40,TES,Triangle,N/C,N/C,N/C,Time sync,"~30%, 1147 1159",
20190721171731,Beam + Laser,180,,332,Neutron,52,20190721171736,450,198.173,0.94,1,0.5,40,TES,Triangle,N/C,N/C,N/C,Time sync,"~30%, 1147 1159",
20190721181805,Beam + Laser,180,,0,Neutron,52,20190721181805,520,198.179,0.941,1,0.5,40,TES,Triangle,N/C,N/C,N/C,Time sync,"~30%, 1147 1159",
20190721192109,Beam + Laser,180,,0,Neutron,52,20190721192110,500,198.175,0.94,1,0.5,40,TES,Triangle,N/C,N/C,N/C,Time sync,"~30%, 1147 1159",
20190721202141,Beam + Laser,180,,0,Neutron,52,20190721202145,500,198.18,0.94,1,0.5,40,TES,Triangle,N/C,N/C,N/C,Time sync,"~30%, 1147 1159",
20190721212536,Beam + Laser,180,,0,Neutron,52,20190721212539,500,198.177,0.94,1,0.5,40,TES,Triangle,N/C,N/C,N/C,Time sync,"~30%, 1147 1160",
20190722103004,IV curve,180,,0,No,52,,,,,,,,TES,Triangle,N/C,N/C,N/C,Time sync,,
20190722104006,SC noise,180,,10,No,52,,,,,,,,TES,Triangle,N/C,N/C,N/C,Time sync,,
20190722104037,NM noise,180,,10,No,52,,,,,,,,TES,Triangle,N/C,N/C,N/C,Time sync,,
20190722104544,TS noise,180,,10,No,52,,,,,,,,TES,Triangle,N/C,N/C,N/C,Time sync,"~30%, 1147 1159",
20190722105756,Laser,180,300,,No,52,,,,,1,101,40,TES,Triangle,N/C,N/C,N/C,Time sync,"~30%, 1147 1159",
20190722110304,Laser,180,300,,No,52,,,,,1,101,20,TES,Triangle,N/C,N/C,N/C,Time sync,"~30%, 1147 1159",temperature at 52.3 mK
20190722111143,Laser,180,300,,No,52,,,,,1,101,10,TES,Triangle,N/C,N/C,N/C,Time sync,"~30%, 1147 1159",
20190722111728,Laser,180,3600,,No,52,,,,,1,101,4,TES,Triangle,N/C,N/C,N/C,Time sync,"~30%, 1147 1159",
20190722115915,Beam + Laser,180,,3600,Neutron,52,20190722115914,870,198.173,0.939,1,0.5,40,TES,Triangle,N/C,N/C,N/C,Time sync,"~30%, 1147 1159",
20190722125930,Beam + Laser,180,,3600,Neutron,52,20190722125930,900,198.175,0.939,1,0.5,40,TES,Triangle,N/C,N/C,N/C,Time sync,"~30%, 1147 1159",
20190722135945,Beam + Laser,180,,3600,Neutron,52,20190722135945,900,198.178,0.939,1,0.5,40,TES,Triangle,N/C,N/C,N/C,Time sync,"~30%, 1147 1159",
20190722135958,Beam + Laser,180,,3600,Neutron,52,20190722145959,950,198.174,0.939,1,0.5,40,TES,Triangle,N/C,N/C,N/C,Time sync,"~30%, 1147 1159",
20190722160052,Beam + Laser,180,,3600,Neutron,52,20190722160051,890,198.174,0.939,1,0.5,40,TES,Triangle,N/C,N/C,N/C,Time sync,"~30%, 1147 1159",
20190722170419,Beam + Laser,180,,3600,Neutron,52,20190722170417,960,198.179,0.939,1,0.5,40,TES,Triangle,N/C,N/C,N/C,Time sync,"~30%, 1147 1159",
20190722180646,Beam + Laser,180,,3600,Neutron,52,20190722180647,970,198.173,0.939,1,0.5,40,TES,Triangle,N/C,N/C,N/C,Time sync,"~30%, 1147 1159",
20190722192437,Beam + Laser,180,,3600,Neutron,52,20190722192437,990,198.182,0.939,1,0.5,40,TES,Triangle,N/C,N/C,N/C,Time sync,"~30%, 1147 1159",
20190722202449,Beam + Laser,180,,3600,Neutron,52,20190722202449,920,198.172,0.939,1,0.5,40,TES,Triangle,N/C,N/C,N/C,Time sync,"~30%, 1147 1159",
20190722212457,Beam + Laser,180,,3600,Neutron,52,20190722212458,980,198.18,0.939,1,0.5,40,TES,Triangle,N/C,N/C,N/C,Time sync,"~30%, 1147 1159",
20190722222511,Beam + Laser,180,,3600,Neutron,52,20190722222510,940,198.178,0.939,1,0.5,40,TES,Triangle,N/C,N/C,N/C,Time sync,"~30%, 1147 1159",